ASR Model,WER,MER,WIL,WIP,CER
Whisper Streaming,0.264199136962469,0.2539226334756065,0.3270181267308496,0.6729818732691504,0.17999114458443224
