ASR Model,WER,MER,WIL,WIP,CER
Whisper Streaming,0.2633797147327526,0.25327608070265556,0.32583212898948105,0.6741678710105189,0.18019997891495587
