ASR Model,WER,MER,WIL,WIP,CER
Whisper Turbo,0.1935002612561314,0.18266037997659348,0.2697960478532376,0.7302039521467624,0.09249706080695667
