ASR Model,WER,MER,WIL,WIP,CER
Whisper,0.2573956630258609,0.23891215514007025,0.31934528485012814,0.6806547151498719,0.14703577777012267
